{
  "$schema": "https://schema.management.azure.com/schemas/2015-01-01/deploymentTemplate.json#",
  "contentVersion": "1.0.0.0",
  "parameters": {
    "resourceName": {
      "type": "string",
      "metadata": {
        "description": "The name of the Managed Cluster ARM resource. This is the AKS cluster name."
      }
    },
    "dnsPrefix": {
      "type": "string",
      "metadata": {
        "description": "DNS prefix to use with hosted Kubernetes API FQDN."
      }
    },
    "servicePrincipalClientId": {
      "metadata": {
        "description": "Service principal client ID used by the Kubernetes cloud provider."
      },
      "type": "securestring"
    },
    "servicePrincipalClientSecret": {
      "metadata": {
        "description": "Service principal password used by the Kubernetes cloud provider."
      },
      "type": "securestring"
    },
    "osDiskSizeGB": {
      "type": "int",
      "defaultValue": 0,
      "metadata": {
        "description": "Disk size (in GB) to provision for each of the agent pool nodes. This value ranges from 0 to 1023. Specifying 0 will apply the default disk size for that agentVMSize."
      },
      "minValue": 0,
      "maxValue": 1023
    },
    "agentCount": {
      "type": "int",
      "defaultValue": 3,
      "metadata": {
        "description": "The number of agent nodes for the cluster."
      },
      "minValue": 1,
      "maxValue": 50
    },
    "agentVMSize": {
      "type": "string",
      "defaultValue": "Standard_D2_v2",
      "metadata": {
        "description": "The size of the agent node."
      }
    },
    "osType": {
      "type": "string",
      "defaultValue": "Linux",
      "allowedValues": [
        "Linux"
      ],
      "metadata": {
        "description": "Agent operating system."
      }
    },
    "maxPods": {
      "type": "int",
      "defaultValue": 30,
      "metadata": {
        "description": "Maximum number of pods for each agent node."
      }
    },
    "networkPlugin": {
      "type": "string",
      "allowedValues": [
        "kubenet",
        "azure"
      ],
      "metadata": {
        "description": "IPAM plugin for AKS cluster."
      }
    },
    "serviceCidr": {
      "type": "string",
      "metadata": {
        "description": "IP address range to use for Kubernetes services."
      }
    },
    "dnsServiceIP": {
      "type": "string",
      "metadata": {
        "description": "Single IP address to use for Kubernetes DNS service. Must be within serviceCidr"
      }
    },
    "dockerBridgeCidr": {
      "type": "string",
      "metadata": {
        "description": "Single IP address and netmask (CIDR notation) for Docker bridge."
      }
    },
    "vnetSubnetID": {
      "type": "string",
      "metadata": {
        "description": "Azure Resource Manager ID for the Subnet to hold AKS agent nodes."
      }
    },
    "kubernetesVersion": {
      "type": "string",
      "defaultValue": "1.9.6",
      "allowedValues": [
        "1.7.15",
        "1.8.11",
        "1.9.6"
      ],
      "metadata": {
        "description": "The version of Kubernetes."
      }
    }
  },
  "variables": {
    "agentCount": "[parameters('agentCount')]",
    "agentVMSize": "[parameters('agentVMSize')]",
    "dnsPrefix": "[parameters('dnsPrefix')]",
    "dnsServiceIP": "[parameters('dnsServiceIP')]",
    "dockerBridgeCidr": "[parameters('dockerBridgeCidr')]",
    "kubernetesVersion": "[parameters('kubernetesVersion')]",
    "networkPlugin": "[parameters('networkPlugin')]",
    "maxPods": "[parameters('maxPods')]",
    "osDiskSizeGB": "[parameters('osDiskSizeGB')]",
    "osType": "[parameters('osType')]",
    "resourceName": "[parameters('resourceName')]",
    "serviceCidr": "[parameters('serviceCidr')]",
    "servicePrincipalClientId": "[parameters('servicePrincipalClientId')]",
    "servicePrincipalClientSecret": "[parameters('servicePrincipalClientSecret')]",
    "vnetSubnetID": "[parameters('vnetSubnetID')]"
  },
  "resources": [
    {
      "apiVersion": "2018-03-31",
      "type": "Microsoft.ContainerService/managedClusters",
      "location": "[resourceGroup().location]",
      "name": "[variables('resourceName')]",
      "properties": {
        "kubernetesVersion": "[variables('kubernetesVersion')]",
        "dnsPrefix": "[variables('dnsPrefix')]",
        "agentPoolProfiles": [
          {
            "name": "agentpool",
            "osDiskSizeGB": "[variables('osDiskSizeGB')]",
            "count": "[variables('agentCount')]",
            "vmSize": "[variables('agentVMSize')]",
            "osType": "[variables('osType')]",
            "vnetSubnetID": "[variables('vnetSubnetID')]",
            "maxPods": "[variables('maxPods')]",
            "storageProfile": "ManagedDisks"
          }
        ],
        "servicePrincipalProfile": {
          "ClientId": "[variables('servicePrincipalClientId')]",
          "Secret": "[variables('servicePrincipalClientSecret')]"
        },
        "networkProfile": {
          "networkPlugin": "[variables('networkPlugin')]",
          "serviceCidr": "[variables('serviceCidr')]",
          "dnsServiceIP": "[variables('dnsServiceIP')]",
          "dockerBridgeCidr": "[variables('dockerBridgeCidr')]"
        }
      }
    }
  ],
  "outputs": {
    "AKS": {
      "type": "object",
      "value": "[reference(concat('Microsoft.ContainerService/managedClusters/', variables('resourceName')))]"
    }
  }
}
